subject,start_sec,end_sec,duration_sec,label,label_name
01,0,369,369,0,Wakefulness
01,369,429,60,1,Fatigue1
01,429,1629,1200,0,Wakefulness
01,1629,1719,90,1,Fatigue1
01,1719,2829,1110,0,Wakefulness
01,2829,2921,92,1,Fatigue1
01,2921,5229,2308,0,Wakefulness
01,5229,5303,74,1,Fatigue1
01,5303,5349,46,0,Wakefulness
01,5349,5649,300,1,Fatigue1
01,5649,5799,150,0,Wakefulness
01,5799,5829,30,1,Fatigue1
01,5829,7202,1373,0,Wakefulness
02,0,684,684,0,Wakefulness
02,684,714,30,1,Fatigue1
02,714,774,60,0,Wakefulness
02,774,924,150,1,Fatigue1
02,924,1104,180,0,Wakefulness
02,1104,1344,240,1,Fatigue1
02,1344,2875,1531,0,Wakefulness
02,2875,3054,179,1,Fatigue1
02,3054,3384,330,0,Wakefulness
02,3384,3564,180,1,Fatigue1
02,3564,3804,240,0,Wakefulness
02,3804,3985,181,1,Fatigue1
02,3985,4105,120,2,Fatigue2
02,4105,4135,30,0,Wakefulness
02,4135,4254,119,1,Fatigue1
02,4254,4285,31,0,Wakefulness
02,4285,4345,60,1,Fatigue1
02,4345,4499,154,2,Fatigue2
02,4499,4675,176,0,Wakefulness
02,4675,4735,60,1,Fatigue1
02,4735,4795,60,0,Wakefulness
02,4795,4885,90,1,Fatigue1
02,4885,4945,60,0,Wakefulness
02,4945,5036,91,1,Fatigue1
02,5036,5086,50,0,Wakefulness
02,5086,5125,39,1,Fatigue1
02,5125,5185,60,0,Wakefulness
02,5185,5275,90,1,Fatigue1
02,5275,5323,48,0,Wakefulness
02,5323,5384,61,1,Fatigue1
02,5384,5396,12,0,Wakefulness
02,5396,5454,58,2,Fatigue2
02,5454,5497,43,1,Fatigue1
02,5497,5587,90,2,Fatigue2
02,5587,5635,48,0,Wakefulness
02,5635,5715,80,1,Fatigue1
02,5715,5816,101,0,Wakefulness
02,5816,5846,30,1,Fatigue1
02,5846,6015,169,0,Wakefulness
02,6015,6025,10,1,Fatigue1
02,6025,6050,25,0,Wakefulness
02,6050,6059,9,1,Fatigue1
02,6059,6166,107,0,Wakefulness
02,6166,6208,42,1,Fatigue1
02,6208,6236,28,0,Wakefulness
02,6236,6290,54,1,Fatigue1
02,6290,6507,217,0,Wakefulness
02,6507,6558,51,1,Fatigue1
02,6558,6824,266,0,Wakefulness
02,6824,6866,42,1,Fatigue1
02,6866,7202,336,0,Wakefulness
03,0,656,656,0,Wakefulness
03,656,716,60,1,Fatigue1
03,716,2636,1920,0,Wakefulness
03,2636,2817,181,1,Fatigue1
03,2817,3208,391,0,Wakefulness
03,3208,3475,267,1,Fatigue1
03,3475,4556,1081,0,Wakefulness
03,4556,4646,90,1,Fatigue1
03,4646,5756,1110,0,Wakefulness
03,5756,5848,92,1,Fatigue1
03,5848,7076,1228,0,Wakefulness
03,7076,7204,128,1,Fatigue1
04,0,23,23,1,Fatigue1
04,23,239,216,0,Wakefulness
04,239,596,357,1,Fatigue1
04,596,954,358,0,Wakefulness
04,954,1415,461,1,Fatigue1
04,1415,1444,29,2,Fatigue2
04,1444,1523,79,1,Fatigue1
04,1523,1554,31,0,Wakefulness
04,1554,1932,378,1,Fatigue1
04,1932,2253,321,2,Fatigue2
04,2253,2306,53,0,Wakefulness
04,2306,2633,327,1,Fatigue1
04,2633,2796,163,2,Fatigue2
04,2796,2843,47,0,Wakefulness
04,2843,2873,30,1,Fatigue1
04,2873,3115,242,2,Fatigue2
04,3115,3233,118,1,Fatigue1
04,3233,4104,871,2,Fatigue2
04,4104,4147,43,1,Fatigue1
04,4147,4674,527,2,Fatigue2
04,4674,4763,89,3,Fatigue3
04,4763,4793,30,2,Fatigue2
04,4793,4830,37,3,Fatigue3
04,4830,5020,190,2,Fatigue2
04,5020,5051,31,3,Fatigue3
04,5051,5155,104,0,Wakefulness
04,5155,5183,28,1,Fatigue1
04,5183,5213,30,2,Fatigue2
04,5213,5454,241,1,Fatigue1
04,5454,5903,449,0,Wakefulness
04,5903,6045,142,1,Fatigue1
04,6045,6264,219,0,Wakefulness
04,6264,6325,61,1,Fatigue1
04,6325,6534,209,0,Wakefulness
04,6534,6550,16,1,Fatigue1
04,6550,6827,277,0,Wakefulness
04,6827,6867,40,1,Fatigue1
04,6867,6941,74,0,Wakefulness
04,6941,6985,44,1,Fatigue1
04,6985,7194,209,0,Wakefulness
05,0,593,593,0,Wakefulness
05,593,685,92,1,Fatigue1
05,685,744,59,0,Wakefulness
05,744,1166,422,1,Fatigue1
05,1166,1555,389,0,Wakefulness
05,1555,1600,45,1,Fatigue1
05,1600,2094,494,9,Severe Artifacts
05,2094,2427,333,0,Wakefulness
05,2427,3752,1325,1,Fatigue1
05,3752,7201,3449,9,Severe Artifacts
06,0,1526,1526,0,Wakefulness
06,1526,1616,90,1,Fatigue1
06,1616,2065,449,0,Wakefulness
06,2065,2098,33,1,Fatigue1
06,2098,2576,478,0,Wakefulness
06,2576,2736,160,1,Fatigue1
06,2736,2816,80,0,Wakefulness
06,2816,2996,180,1,Fatigue1
06,2996,3086,90,0,Wakefulness
06,3086,3206,120,1,Fatigue1
06,3206,3253,47,0,Wakefulness
06,3253,3295,42,1,Fatigue1
06,3295,3614,319,0,Wakefulness
06,3614,3685,71,1,Fatigue1
06,3685,3776,91,0,Wakefulness
06,3776,4137,361,1,Fatigue1
06,4137,4197,60,2,Fatigue2
06,4197,4229,32,0,Wakefulness
06,4229,4436,207,1,Fatigue1
06,4436,4536,100,0,Wakefulness
06,4536,4550,14,1,Fatigue1
06,4550,4615,65,0,Wakefulness
06,4615,4708,93,1,Fatigue1
06,4708,5876,1168,0,Wakefulness
06,5876,5907,31,1,Fatigue1
06,5907,6895,988,0,Wakefulness
06,6895,6957,62,1,Fatigue1
06,6957,7202,245,0,Wakefulness
07,0,4377,4377,0,Wakefulness
07,4377,4590,213,1,Fatigue1
07,4590,4688,98,2,Fatigue2
07,4688,4737,49,0,Wakefulness
07,4737,4808,71,2,Fatigue2
07,4808,7201,2393,0,Wakefulness
08,0,5859,5859,0,Wakefulness
08,5859,5880,21,1,Fatigue1
08,5880,7196,1316,0,Wakefulness
09,0,177,177,0,Wakefulness
09,177,297,120,1,Fatigue1
09,297,416,119,0,Wakefulness
09,416,602,186,1,Fatigue1
09,602,639,37,0,Wakefulness
09,639,1197,558,1,Fatigue1
09,1197,1275,78,0,Wakefulness
09,1275,1497,222,1,Fatigue1
09,1497,1528,31,0,Wakefulness
09,1528,1687,159,1,Fatigue1
09,1687,1737,50,0,Wakefulness
09,1737,2187,450,1,Fatigue1
09,2187,2457,270,0,Wakefulness
09,2457,2486,29,1,Fatigue1
09,2486,2565,79,2,Fatigue2
09,2565,2608,43,1,Fatigue1
09,2608,2727,119,2,Fatigue2
09,2727,2878,151,1,Fatigue1
09,2878,3057,179,0,Wakefulness
09,3057,3419,362,1,Fatigue1
09,3419,3460,41,0,Wakefulness
09,3460,3697,237,1,Fatigue1
09,3697,3721,24,0,Wakefulness
09,3721,3988,267,1,Fatigue1
09,3988,4226,238,2,Fatigue2
09,4226,4317,91,0,Wakefulness
09,4317,4569,252,2,Fatigue2
09,4569,4649,80,1,Fatigue1
09,4649,4803,154,2,Fatigue2
09,4803,4977,174,1,Fatigue1
09,4977,5099,122,2,Fatigue2
09,5099,5127,28,1,Fatigue1
09,5127,5277,150,0,Wakefulness
09,5277,5398,121,1,Fatigue1
09,5398,5428,30,0,Wakefulness
09,5428,5486,58,1,Fatigue1
09,5486,5670,184,2,Fatigue2
09,5670,5788,118,1,Fatigue1
09,5788,5877,89,0,Wakefulness
09,5877,5945,68,1,Fatigue1
09,5945,6117,172,0,Wakefulness
09,6117,6339,222,1,Fatigue1
09,6339,6417,78,0,Wakefulness
09,6417,6524,107,1,Fatigue1
09,6524,6746,222,0,Wakefulness
09,6746,6838,92,1,Fatigue1
09,6838,6899,61,2,Fatigue2
09,6899,6928,29,0,Wakefulness
09,6928,7170,242,1,Fatigue1
09,7170,7195,25,0,Wakefulness
10,0,1135,1135,0,Wakefulness
10,1135,1193,58,1,Fatigue1
10,1193,1243,50,0,Wakefulness
10,1243,1261,18,1,Fatigue1
10,1261,1281,20,0,Wakefulness
10,1281,1342,61,1,Fatigue1
10,1342,1759,417,0,Wakefulness
10,1759,1791,32,1,Fatigue1
10,1791,1942,151,0,Wakefulness
10,1942,2063,121,1,Fatigue1
10,2063,2346,283,0,Wakefulness
10,2346,2390,44,1,Fatigue1
10,2390,2450,60,0,Wakefulness
10,2450,2515,65,2,Fatigue2
10,2515,2542,27,0,Wakefulness
10,2542,2642,100,1,Fatigue1
10,2642,2755,113,0,Wakefulness
10,2755,2847,92,1,Fatigue1
10,2847,2876,29,0,Wakefulness
10,2876,2907,31,1,Fatigue1
10,2907,2975,68,0,Wakefulness
10,2975,2990,15,1,Fatigue1
10,2990,3082,92,0,Wakefulness
10,3082,3110,28,1,Fatigue1
10,3110,3157,47,0,Wakefulness
10,3157,3200,43,1,Fatigue1
10,3200,3260,60,2,Fatigue2
10,3260,3474,214,0,Wakefulness
10,3474,3503,29,1,Fatigue1
10,3503,3590,87,0,Wakefulness
10,3590,3622,32,1,Fatigue1
10,3622,5483,1861,0,Wakefulness
10,5483,5541,58,1,Fatigue1
10,5541,5751,210,0,Wakefulness
10,5751,5781,30,1,Fatigue1
10,5781,5811,30,0,Wakefulness
10,5811,5856,45,1,Fatigue1
10,5856,6261,405,0,Wakefulness
10,6261,6296,35,1,Fatigue1
10,6296,6353,57,0,Wakefulness
10,6353,6382,29,1,Fatigue1
10,6382,6990,608,0,Wakefulness
10,6990,7223,233,1,Fatigue1
10,7223,7351,128,2,Fatigue2
10,7351,7519,168,3,Fatigue3
10,7519,7593,74,2,Fatigue2
10,7593,7791,198,3,Fatigue3
10,7791,8101,310,4,Fatigue4
11,0,3028,3028,0,Wakefulness
11,3028,3088,60,1,Fatigue1
11,3088,3135,47,0,Wakefulness
11,3135,3148,13,1,Fatigue1
11,3148,3519,371,0,Wakefulness
11,3519,3569,50,1,Fatigue1
11,3569,3810,241,0,Wakefulness
11,3810,3836,26,1,Fatigue1
11,3836,4095,259,0,Wakefulness
11,4095,4198,103,1,Fatigue1
11,4198,4265,67,0,Wakefulness
11,4265,4317,52,1,Fatigue1
11,4317,4355,38,2,Fatigue2
11,4355,4412,57,1,Fatigue1
11,4412,4616,204,0,Wakefulness
11,4616,4651,35,1,Fatigue1
11,4651,4841,190,0,Wakefulness
11,4841,4857,16,1,Fatigue1
11,4857,4890,33,2,Fatigue2
11,4890,4977,87,1,Fatigue1
11,4977,5111,134,0,Wakefulness
11,5111,5141,30,1,Fatigue1
11,5141,5275,134,0,Wakefulness
11,5275,5365,90,1,Fatigue1
11,5365,5606,241,0,Wakefulness
11,5606,5646,40,1,Fatigue1
11,5646,5771,125,0,Wakefulness
11,5771,5816,45,1,Fatigue1
11,5816,5852,36,2,Fatigue2
11,5852,5967,115,1,Fatigue1
11,5967,5996,29,0,Wakefulness
11,5996,6387,391,1,Fatigue1
11,6387,6698,311,0,Wakefulness
11,6698,6707,9,1,Fatigue1
11,6707,7241,534,0,Wakefulness
12,0,2266,2266,0,Wakefulness
12,2266,2275,9,1,Fatigue1
12,2275,2365,90,2,Fatigue2
12,2365,2397,32,1,Fatigue1
12,2397,2746,349,0,Wakefulness
12,2746,2939,193,2,Fatigue2
12,2939,7231,4292,0,Wakefulness
13,0,27,27,1,Fatigue1
13,27,233,206,0,Wakefulness
13,233,295,62,1,Fatigue1
13,295,1014,719,0,Wakefulness
13,1014,1074,60,1,Fatigue1
13,1074,1152,78,0,Wakefulness
13,1152,1229,77,1,Fatigue1
13,1229,1317,88,0,Wakefulness
13,1317,1405,88,1,Fatigue1
13,1405,1675,270,0,Wakefulness
13,1675,1698,23,1,Fatigue1
13,1698,2724,1026,0,Wakefulness
13,2724,2819,95,1,Fatigue1
13,2819,2873,54,0,Wakefulness
13,2873,3161,288,1,Fatigue1
13,3161,3246,85,2,Fatigue2
13,3246,3421,175,1,Fatigue1
13,3421,3443,22,0,Wakefulness
13,3443,3743,300,1,Fatigue1
13,3743,3804,61,2,Fatigue2
13,3804,4586,782,1,Fatigue1
13,4586,4655,69,0,Wakefulness
13,4655,4855,200,1,Fatigue1
13,4855,4884,29,0,Wakefulness
13,4884,5162,278,1,Fatigue1
13,5162,5514,352,0,Wakefulness
13,5514,5596,82,1,Fatigue1
13,5596,5670,74,0,Wakefulness
13,5670,5756,86,1,Fatigue1
13,5756,5845,89,0,Wakefulness
13,5845,6115,270,1,Fatigue1
13,6115,6263,148,0,Wakefulness
13,6263,6295,32,1,Fatigue1
13,6295,6347,52,0,Wakefulness
13,6347,6386,39,1,Fatigue1
13,6386,6534,148,0,Wakefulness
13,6534,6895,361,1,Fatigue1
13,6895,7796,901,0,Wakefulness
13,7796,8096,300,1,Fatigue1
14,0,6924,6924,0,Wakefulness
14,6924,7226,302,1,Fatigue1
14,7226,7256,30,0,Wakefulness
15,0,2035,2035,0,Wakefulness
15,2035,2245,210,1,Fatigue1
15,2245,2697,452,0,Wakefulness
15,2697,2766,69,1,Fatigue1
15,2766,2953,187,0,Wakefulness
15,2953,3056,103,1,Fatigue1
15,3056,3115,59,0,Wakefulness
15,3115,3150,35,1,Fatigue1
15,3150,3283,133,0,Wakefulness
15,3283,3426,143,1,Fatigue1
15,3426,3774,348,0,Wakefulness
15,3774,3926,152,1,Fatigue1
15,3926,4075,149,0,Wakefulness
15,4075,4140,65,1,Fatigue1
15,4140,4192,52,0,Wakefulness
15,4192,4430,238,1,Fatigue1
15,4430,4516,86,0,Wakefulness
15,4516,4600,84,1,Fatigue1
15,4600,4615,15,0,Wakefulness
15,4615,4719,104,1,Fatigue1
15,4719,4765,46,0,Wakefulness
15,4765,4829,64,1,Fatigue1
15,4829,4975,146,0,Wakefulness
15,4975,5474,499,1,Fatigue1
15,5474,5588,114,0,Wakefulness
15,5588,5641,53,1,Fatigue1
15,5641,5743,102,0,Wakefulness
15,5743,5786,43,1,Fatigue1
15,5786,5844,58,0,Wakefulness
15,5844,6025,181,1,Fatigue1
15,6025,6153,128,2,Fatigue2
15,6153,6328,175,1,Fatigue1
15,6328,6347,19,0,Wakefulness
15,6347,6357,10,1,Fatigue1
15,6357,6436,79,0,Wakefulness
15,6436,6689,253,1,Fatigue1
15,6689,6724,35,0,Wakefulness
15,6724,6775,51,1,Fatigue1
15,6775,6811,36,2,Fatigue2
15,6811,6986,175,1,Fatigue1
15,6986,7058,72,2,Fatigue2
15,7058,7115,57,1,Fatigue1
15,7115,7195,80,0,Wakefulness
15,7195,7293,98,1,Fatigue1
15,7293,7406,113,0,Wakefulness
15,7406,7557,151,1,Fatigue1
15,7557,7622,65,2,Fatigue2
15,7622,7706,84,0,Wakefulness
15,7706,7800,94,1,Fatigue1
16,0,2013,2013,0,Wakefulness
16,2013,2048,35,1,Fatigue1
16,2048,2515,467,0,Wakefulness
16,2515,2550,35,1,Fatigue1
16,2550,3114,564,0,Wakefulness
16,3114,3300,186,1,Fatigue1
16,3300,3413,113,0,Wakefulness
16,3413,3595,182,1,Fatigue1
16,3595,7501,3906,0,Wakefulness
17,0,1195,1195,0,Wakefulness
17,1195,1290,95,1,Fatigue1
17,1290,1854,564,0,Wakefulness
17,1854,2108,254,1,Fatigue1
17,2108,2277,169,0,Wakefulness
17,2277,2400,123,1,Fatigue1
17,2400,2574,174,0,Wakefulness
17,2574,2698,124,1,Fatigue1
17,2698,2800,102,0,Wakefulness
17,2800,2916,116,1,Fatigue1
17,2916,3026,110,0,Wakefulness
17,3026,3043,17,1,Fatigue1
17,3043,3087,44,0,Wakefulness
17,3087,3294,207,1,Fatigue1
17,3294,3352,58,0,Wakefulness
17,3352,3482,130,1,Fatigue1
17,3482,3684,202,0,Wakefulness
17,3684,3773,89,1,Fatigue1
17,3773,3834,61,0,Wakefulness
17,3834,3903,69,1,Fatigue1
17,3903,4044,141,0,Wakefulness
17,4044,4294,250,1,Fatigue1
17,4294,4404,110,0,Wakefulness
17,4404,4475,71,1,Fatigue1
17,4475,4591,116,2,Fatigue2
17,4591,4613,22,1,Fatigue1
17,4613,4736,123,2,Fatigue2
17,4736,4753,17,1,Fatigue1
17,4753,4884,131,0,Wakefulness
17,4884,4916,32,1,Fatigue1
17,4916,4974,58,0,Wakefulness
17,4974,5101,127,1,Fatigue1
17,5101,5244,143,0,Wakefulness
17,5244,5304,60,1,Fatigue1
17,5304,5403,99,2,Fatigue2
17,5403,5484,81,0,Wakefulness
17,5484,5514,30,1,Fatigue1
17,5514,5549,35,2,Fatigue2
17,5549,5575,26,0,Wakefulness
17,5575,5664,89,1,Fatigue1
17,5664,5696,32,2,Fatigue2
17,5696,5814,118,0,Wakefulness
17,5814,5877,63,2,Fatigue2
17,5877,5934,57,1,Fatigue1
17,5934,5996,62,2,Fatigue2
17,5996,6040,44,0,Wakefulness
17,6040,6054,14,1,Fatigue1
17,6054,6098,44,2,Fatigue2
17,6098,6234,136,0,Wakefulness
17,6234,6266,32,2,Fatigue2
17,6266,6355,89,0,Wakefulness
17,6355,6385,30,1,Fatigue1
17,6385,6446,61,0,Wakefulness
17,6446,6624,178,1,Fatigue1
17,6624,6715,91,0,Wakefulness
17,6715,6745,30,1,Fatigue1
17,6745,7043,298,0,Wakefulness
17,7043,7199,156,1,Fatigue1
17,7199,7286,87,0,Wakefulness
17,7286,7351,65,1,Fatigue1
18,0,6835,6835,0,Wakefulness
18,6835,6927,92,1,Fatigue1
18,6927,7232,305,0,Wakefulness
18,7232,7381,149,2,Fatigue2
19,0,4553,4553,0,Wakefulness
19,4553,4617,64,1,Fatigue1
19,4617,5218,601,0,Wakefulness
19,5218,5265,47,1,Fatigue1
19,5265,5298,33,3,Fatigue3
19,5298,5312,14,2,Fatigue2
19,5312,5334,22,3,Fatigue3
19,5334,5367,33,2,Fatigue2
19,5367,5393,26,3,Fatigue3
19,5393,5408,15,2,Fatigue2
19,5408,5451,43,3,Fatigue3
19,5451,5460,9,2,Fatigue2
19,5460,5501,41,3,Fatigue3
19,5501,5588,87,2,Fatigue2
19,5588,7059,1471,0,Wakefulness
19,7059,7144,85,2,Fatigue2
19,7144,7163,19,3,Fatigue3
19,7163,7176,13,2,Fatigue2
19,7176,7201,25,3,Fatigue3
19,7201,7210,9,2,Fatigue2
19,7210,7239,29,3,Fatigue3
19,7239,7251,12,2,Fatigue2
19,7251,7269,18,3,Fatigue3
19,7269,7332,63,2,Fatigue2
19,7332,7382,50,0,Wakefulness
20,0,6833,6833,0,Wakefulness
20,6833,6868,35,1,Fatigue1
20,6868,7261,393,0,Wakefulness
21,0,3808,3808,0,Wakefulness
21,3808,4014,206,9,Severe Artifacts
21,4014,7265,3251,0,Wakefulness
21,7265,7501,236,2,Fatigue2
22,0,651,651,1,Fatigue1
22,651,715,64,2,Fatigue2
22,715,980,265,1,Fatigue1
22,980,1343,363,2,Fatigue2
22,1343,1476,133,1,Fatigue1
22,1476,1553,77,2,Fatigue2
22,1553,1646,93,1,Fatigue1
22,1646,2001,355,2,Fatigue2
22,2001,2180,179,1,Fatigue1
22,2180,2423,243,2,Fatigue2
22,2423,2484,61,1,Fatigue1
22,2484,4190,1706,2,Fatigue2
22,4190,4354,164,1,Fatigue1
22,4354,5335,981,2,Fatigue2
22,5335,5364,29,1,Fatigue1
22,5364,6297,933,2,Fatigue2
22,6297,6349,52,1,Fatigue1
22,6349,6560,211,2,Fatigue2
22,6560,6650,90,1,Fatigue1
22,6650,7160,510,2,Fatigue2
22,7160,7346,186,1,Fatigue1
22,7346,7801,455,2,Fatigue2
23,0,7320,7320,0,Wakefulness
23,7320,7530,210,1,Fatigue1
24,0,7291,7291,0,Wakefulness
24,7291,7512,221,1,Fatigue1
24,7512,7542,30,2,Fatigue2
25,0,3085,3085,0,Wakefulness
25,3085,3165,80,1,Fatigue1
25,3165,3261,96,0,Wakefulness
25,3261,3341,80,1,Fatigue1
25,3341,3385,44,0,Wakefulness
25,3385,3653,268,1,Fatigue1
25,3653,3683,30,0,Wakefulness
25,3683,4345,662,1,Fatigue1
25,4345,4452,107,0,Wakefulness
25,4452,4837,385,1,Fatigue1
25,4837,4958,121,0,Wakefulness
25,4958,5884,926,1,Fatigue1
25,5884,5897,13,2,Fatigue2
25,5897,5905,8,1,Fatigue1
25,5905,5982,77,0,Wakefulness
25,5982,6536,554,1,Fatigue1
25,6536,6652,116,2,Fatigue2
25,6652,6685,33,1,Fatigue1
25,6685,6836,151,2,Fatigue2
25,6836,6953,117,1,Fatigue1
25,6953,7013,60,0,Wakefulness
25,7013,7296,283,1,Fatigue1
25,7296,7492,196,2,Fatigue2
26,0,1045,1045,0,Wakefulness
26,1045,1061,16,1,Fatigue1
26,1061,2786,1725,0,Wakefulness
26,2786,2800,14,1,Fatigue1
26,2800,3125,325,0,Wakefulness
26,3125,3181,56,1,Fatigue1
26,3181,3417,236,0,Wakefulness
26,3417,3454,37,1,Fatigue1
26,3454,4287,833,0,Wakefulness
26,4287,4460,173,1,Fatigue1
26,4460,4556,96,0,Wakefulness
26,4556,4740,184,1,Fatigue1
26,4740,5676,936,0,Wakefulness
26,5676,5700,24,1,Fatigue1
26,5700,6510,810,0,Wakefulness
26,6510,6540,30,1,Fatigue1
26,6540,7222,682,0,Wakefulness
26,7222,7495,273,2,Fatigue2
27,0,7588,7588,0,Wakefulness
27,7588,7649,61,1,Fatigue1
27,7649,7801,152,2,Fatigue2
28,0,7392,7392,0,Wakefulness
28,7392,7621,229,2,Fatigue2
29,0,4062,4062,0,Wakefulness
29,4062,4164,102,1,Fatigue1
29,4164,5970,1806,0,Wakefulness
29,5970,6002,32,1,Fatigue1
29,6002,6030,28,0,Wakefulness
29,6030,6063,33,1,Fatigue1
29,6063,7636,1573,0,Wakefulness
29,7636,7729,93,2,Fatigue2
29,7729,7756,27,1,Fatigue1
29,7756,7794,38,2,Fatigue2
30,0,2118,2118,0,Wakefulness
30,2118,2164,46,1,Fatigue1
30,2164,3065,901,0,Wakefulness
30,3065,3095,30,1,Fatigue1
30,3095,3270,175,0,Wakefulness
30,3270,3292,22,1,Fatigue1
30,3292,3399,107,0,Wakefulness
30,3399,3507,108,1,Fatigue1
30,3507,3586,79,0,Wakefulness
30,3586,3626,40,1,Fatigue1
30,3626,3840,214,2,Fatigue2
30,3840,3888,48,0,Wakefulness
30,3888,3943,55,2,Fatigue2
30,3943,3956,13,1,Fatigue1
30,3956,3997,41,8,Signal Abnormality
30,3997,4022,25,2,Fatigue2
30,4022,4113,91,1,Fatigue1
30,4113,4142,29,2,Fatigue2
30,4142,4267,125,1,Fatigue1
30,4267,4296,29,2,Fatigue2
30,4296,4392,96,1,Fatigue1
30,4392,4471,79,2,Fatigue2
30,4471,4598,127,1,Fatigue1
30,4598,4648,50,2,Fatigue2
30,4648,5019,371,0,Wakefulness
30,5019,5285,266,2,Fatigue2
30,5285,5374,89,1,Fatigue1
30,5374,5517,143,2,Fatigue2
30,5517,6069,552,8,Signal Abnormality
30,6069,6762,693,0,Wakefulness
30,6762,6791,29,1,Fatigue1
30,6791,7016,225,0,Wakefulness
30,7016,7087,71,1,Fatigue1
30,7087,7510,423,0,Wakefulness
30,7510,7736,226,2,Fatigue2
31,0,672,672,0,Wakefulness
31,672,813,141,1,Fatigue1
31,813,1294,481,0,Wakefulness
31,1294,2341,1047,1,Fatigue1
31,2341,2383,42,0,Wakefulness
31,2383,2669,286,1,Fatigue1
31,2669,2732,63,2,Fatigue2
31,2732,2795,63,1,Fatigue1
31,2795,3264,469,0,Wakefulness
31,3264,3361,97,1,Fatigue1
31,3361,3568,207,0,Wakefulness
31,3568,3628,60,1,Fatigue1
31,3628,4406,778,0,Wakefulness
31,4406,5004,598,1,Fatigue1
31,5004,5157,153,2,Fatigue2
31,5157,5335,178,1,Fatigue1
31,5335,5606,271,2,Fatigue2
31,5606,5714,108,1,Fatigue1
31,5714,5736,22,2,Fatigue2
31,5736,7195,1459,0,Wakefulness
31,7195,7263,68,1,Fatigue1
31,7263,7284,21,0,Wakefulness
31,7284,7320,36,1,Fatigue1
31,7320,7408,88,2,Fatigue2
31,7408,7501,93,1,Fatigue1
32,0,520,520,0,Wakefulness
32,520,778,258,1,Fatigue1
32,778,1302,524,0,Wakefulness
32,1302,1319,17,1,Fatigue1
32,1319,1649,330,0,Wakefulness
32,1649,1829,180,1,Fatigue1
32,1829,1857,28,0,Wakefulness
32,1857,2309,452,1,Fatigue1
32,2309,2485,176,0,Wakefulness
32,2485,3038,553,1,Fatigue1
32,3038,3534,496,0,Wakefulness
32,3534,3689,155,1,Fatigue1
32,3689,3764,75,0,Wakefulness
32,3764,3815,51,1,Fatigue1
32,3815,3955,140,0,Wakefulness
32,3955,4077,122,1,Fatigue1
32,4077,4204,127,0,Wakefulness
32,4204,4354,150,1,Fatigue1
32,4354,4405,51,0,Wakefulness
32,4405,4619,214,1,Fatigue1
32,4619,4767,148,0,Wakefulness
32,4767,5038,271,1,Fatigue1
32,5038,5095,57,0,Wakefulness
32,5095,5494,399,1,Fatigue1
32,5494,5666,172,0,Wakefulness
32,5666,5746,80,1,Fatigue1
32,5746,5815,69,0,Wakefulness
32,5815,6057,242,1,Fatigue1
32,6057,6386,329,0,Wakefulness
32,6386,6636,250,1,Fatigue1
32,6636,6757,121,0,Wakefulness
32,6757,6959,202,1,Fatigue1
32,6959,7077,118,0,Wakefulness
32,7077,7287,210,1,Fatigue1
32,7287,7315,28,0,Wakefulness
32,7315,7502,187,2,Fatigue2
33,0,1021,1021,0,Wakefulness
33,1021,1075,54,1,Fatigue1
33,1075,1351,276,0,Wakefulness
33,1351,1376,25,1,Fatigue1
33,1376,1712,336,0,Wakefulness
33,1712,1747,35,1,Fatigue1
33,1747,2142,395,0,Wakefulness
33,2142,2162,20,1,Fatigue1
33,2162,2740,578,0,Wakefulness
33,2740,2767,27,1,Fatigue1
33,2767,2953,186,0,Wakefulness
33,2953,3098,145,1,Fatigue1
33,3098,3242,144,0,Wakefulness
33,3242,3309,67,1,Fatigue1
33,3309,3345,36,0,Wakefulness
33,3345,3381,36,1,Fatigue1
33,3381,3571,190,0,Wakefulness
33,3571,3673,102,1,Fatigue1
33,3673,3864,191,0,Wakefulness
33,3864,3935,71,1,Fatigue1
33,3935,4010,75,0,Wakefulness
33,4010,4139,129,1,Fatigue1
33,4139,4209,70,0,Wakefulness
33,4209,4293,84,1,Fatigue1
33,4293,4387,94,2,Fatigue2
33,4387,4964,577,0,Wakefulness
33,4964,5043,79,1,Fatigue1
33,5043,5372,329,0,Wakefulness
33,5372,5403,31,1,Fatigue1
33,5403,5944,541,0,Wakefulness
33,5944,6126,182,1,Fatigue1
33,6126,6241,115,0,Wakefulness
33,6241,6456,215,1,Fatigue1
33,6456,7053,597,0,Wakefulness
33,7053,7144,91,1,Fatigue1
33,7144,7172,28,0,Wakefulness
33,7172,7237,65,1,Fatigue1
33,7237,7322,85,0,Wakefulness
33,7322,7501,179,2,Fatigue2
34,0,1797,1797,0,Wakefulness
34,1797,1827,30,1,Fatigue1
34,1827,1899,72,2,Fatigue2
34,1899,2111,212,3,Fatigue3
34,2111,4558,2447,0,Wakefulness
34,4558,4830,272,1,Fatigue1
34,4830,4952,122,0,Wakefulness
34,4952,5000,48,1,Fatigue1
34,5000,5276,276,0,Wakefulness
34,5276,5580,304,1,Fatigue1
34,5580,7318,1738,0,Wakefulness
34,7318,7348,30,1,Fatigue1
34,7348,7470,122,2,Fatigue2
34,7470,7500,30,3,Fatigue3
35,0,503,503,0,Wakefulness
35,503,537,34,1,Fatigue1
35,537,1657,1120,0,Wakefulness
35,1657,1824,167,1,Fatigue1
35,1824,1884,60,0,Wakefulness
35,1884,1950,66,1,Fatigue1
35,1950,2156,206,0,Wakefulness
35,2156,2198,42,1,Fatigue1
35,2198,2378,180,0,Wakefulness
35,2378,2490,112,1,Fatigue1
35,2490,2606,116,0,Wakefulness
35,2606,3414,808,1,Fatigue1
35,3414,3480,66,2,Fatigue2
35,3480,4285,805,1,Fatigue1
35,4285,4315,30,2,Fatigue2
35,4315,5142,827,1,Fatigue1
35,5142,5192,50,0,Wakefulness
35,5192,5634,442,1,Fatigue1
35,5634,5789,155,2,Fatigue2
35,5789,6716,927,1,Fatigue1
35,6716,6805,89,0,Wakefulness
35,6805,6990,185,1,Fatigue1
35,6990,7016,26,0,Wakefulness
35,7016,7376,360,1,Fatigue1
35,7376,7540,164,2,Fatigue2
35,7540,7561,21,3,Fatigue3
36,0,1980,1980,0,Wakefulness
36,1980,2435,455,1,Fatigue1
36,2435,2792,357,0,Wakefulness
36,2792,2859,67,1,Fatigue1
36,2859,3033,174,0,Wakefulness
36,3033,3079,46,1,Fatigue1
36,3079,3218,139,0,Wakefulness
36,3218,3243,25,1,Fatigue1
36,3243,3270,27,0,Wakefulness
36,3270,3328,58,1,Fatigue1
36,3328,3425,97,0,Wakefulness
36,3425,3452,27,1,Fatigue1
36,3452,3481,29,0,Wakefulness
36,3481,3571,90,1,Fatigue1
36,3571,3612,41,0,Wakefulness
36,3612,3663,51,1,Fatigue1
36,3663,3737,74,0,Wakefulness
36,3737,3875,138,1,Fatigue1
36,3875,4533,658,0,Wakefulness
36,4533,4626,93,1,Fatigue1
36,4626,4669,43,0,Wakefulness
36,4669,4696,27,1,Fatigue1
36,4696,4865,169,0,Wakefulness
36,4865,4956,91,1,Fatigue1
36,4956,5072,116,0,Wakefulness
36,5072,5097,25,1,Fatigue1
36,5097,5150,53,0,Wakefulness
36,5150,5250,100,1,Fatigue1
36,5250,5291,41,0,Wakefulness
36,5291,5372,81,1,Fatigue1
36,5372,6302,930,0,Wakefulness
36,6302,6334,32,1,Fatigue1
36,6334,7304,970,0,Wakefulness
36,7304,7350,46,1,Fatigue1
36,7350,7498,148,2,Fatigue2
37,0,2843,2843,0,Wakefulness
37,2843,3032,189,1,Fatigue1
37,3032,3083,51,0,Wakefulness
37,3083,3118,35,1,Fatigue1
37,3118,3351,233,0,Wakefulness
37,3351,3374,23,1,Fatigue1
37,3374,6052,2678,0,Wakefulness
37,6052,6205,153,1,Fatigue1
37,6205,7325,1120,0,Wakefulness
37,7325,7503,178,2,Fatigue2
38,0,7606,7606,0,Wakefulness
38,7606,7806,200,2,Fatigue2
39,0,5155,5155,0,Wakefulness
39,5155,5269,114,1,Fatigue1
39,5269,6656,1387,0,Wakefulness
39,6656,6719,63,1,Fatigue1
39,6719,7317,598,0,Wakefulness
39,7317,7530,213,2,Fatigue2
40,0,1077,1077,0,Wakefulness
40,1077,1238,161,1,Fatigue1
40,1238,1484,246,0,Wakefulness
40,1484,1568,84,1,Fatigue1
40,1568,1664,96,0,Wakefulness
40,1664,1696,32,1,Fatigue1
40,1696,2176,480,0,Wakefulness
40,2176,2227,51,1,Fatigue1
40,2227,2251,24,0,Wakefulness
40,2251,3495,1244,1,Fatigue1
40,3495,3528,33,2,Fatigue2
40,3528,4058,530,1,Fatigue1
40,4058,4197,139,0,Wakefulness
40,4197,4288,91,1,Fatigue1
40,4288,4396,108,0,Wakefulness
40,4396,4439,43,1,Fatigue1
40,4439,4496,57,0,Wakefulness
40,4496,4515,19,1,Fatigue1
40,4515,4634,119,0,Wakefulness
40,4634,4688,54,1,Fatigue1
40,4688,4755,67,0,Wakefulness
40,4755,4789,34,1,Fatigue1
40,4789,5054,265,0,Wakefulness
40,5054,5117,63,1,Fatigue1
40,5117,5148,31,2,Fatigue2
40,5148,5251,103,0,Wakefulness
40,5251,5294,43,1,Fatigue1
40,5294,5867,573,0,Wakefulness
40,5867,5895,28,1,Fatigue1
40,5895,5929,34,2,Fatigue2
40,5929,5991,62,1,Fatigue1
40,5991,6044,53,0,Wakefulness
40,6044,6142,98,2,Fatigue2
40,6142,6479,337,0,Wakefulness
40,6479,6540,61,1,Fatigue1
40,6540,6645,105,0,Wakefulness
40,6645,6681,36,1,Fatigue1
40,6681,6734,53,0,Wakefulness
40,6734,6767,33,1,Fatigue1
40,6767,6796,29,2,Fatigue2
40,6796,6887,91,1,Fatigue1
40,6887,7128,241,0,Wakefulness
40,7128,7210,82,1,Fatigue1
40,7210,7338,128,0,Wakefulness
40,7338,7367,29,1,Fatigue1
40,7367,7566,199,2,Fatigue2
41,0,2769,2769,0,Wakefulness
41,2769,2807,38,1,Fatigue1
41,2807,2957,150,0,Wakefulness
41,2957,3171,214,1,Fatigue1
41,3171,3326,155,0,Wakefulness
41,3326,3365,39,1,Fatigue1
41,3365,3385,20,0,Wakefulness
41,3385,3629,244,1,Fatigue1
41,3629,3843,214,0,Wakefulness
41,3843,4222,379,1,Fatigue1
41,4222,4300,78,0,Wakefulness
41,4300,4429,129,1,Fatigue1
41,4429,4630,201,0,Wakefulness
41,4630,4953,323,1,Fatigue1
41,4953,5048,95,0,Wakefulness
41,5048,5149,101,1,Fatigue1
41,5149,5244,95,0,Wakefulness
41,5244,5270,26,1,Fatigue1
41,5270,5516,246,0,Wakefulness
41,5516,5571,55,1,Fatigue1
41,5571,5686,115,0,Wakefulness
41,5686,5810,124,1,Fatigue1
41,5810,5845,35,0,Wakefulness
41,5845,5868,23,1,Fatigue1
41,5868,5906,38,0,Wakefulness
41,5906,6052,146,1,Fatigue1
41,6052,6181,129,0,Wakefulness
41,6181,6224,43,1,Fatigue1
41,6224,7045,821,0,Wakefulness
41,7045,7098,53,1,Fatigue1
41,7098,7314,216,0,Wakefulness
41,7314,7531,217,2,Fatigue2
42,0,5374,5374,0,Wakefulness
43,0,1930,1930,0,Wakefulness
43,1930,2049,119,1,Fatigue1
43,2049,2135,86,0,Wakefulness
43,2135,2773,638,1,Fatigue1
43,2773,2866,93,0,Wakefulness
43,2866,3116,250,1,Fatigue1
43,3116,3210,94,2,Fatigue2
43,3210,3418,208,1,Fatigue1
43,3418,3532,114,0,Wakefulness
43,3532,3661,129,1,Fatigue1
43,3661,3757,96,2,Fatigue2
43,3757,3810,53,1,Fatigue1
43,3810,3898,88,2,Fatigue2
43,3898,3921,23,1,Fatigue1
43,3921,4004,83,0,Wakefulness
43,4004,4227,223,1,Fatigue1
43,4227,4289,62,2,Fatigue2
43,4289,4470,181,1,Fatigue1
43,4470,4888,418,0,Wakefulness
43,4888,5038,150,1,Fatigue1
43,5038,5115,77,2,Fatigue2
43,5115,6156,1041,0,Wakefulness
43,6156,6213,57,1,Fatigue1
43,6213,6351,138,0,Wakefulness
43,6351,6366,15,1,Fatigue1
43,6366,6540,174,0,Wakefulness
43,6540,6631,91,1,Fatigue1
43,6631,6900,269,0,Wakefulness
43,6900,6930,30,1,Fatigue1
43,6930,6977,47,0,Wakefulness
43,6977,7010,33,1,Fatigue1
43,7010,7048,38,0,Wakefulness
43,7048,7097,49,2,Fatigue2
43,7097,7149,52,1,Fatigue1
43,7149,7238,89,0,Wakefulness
43,7238,7320,82,1,Fatigue1
43,7320,7502,182,2,Fatigue2
44,0,2066,2066,0,Wakefulness
44,2066,2098,32,1,Fatigue1
44,2098,2217,119,0,Wakefulness
44,2217,2698,481,1,Fatigue1
44,2698,2759,61,2,Fatigue2
44,2759,2982,223,1,Fatigue1
44,2982,4599,1617,0,Wakefulness
44,4599,4627,28,1,Fatigue1
44,4627,4680,53,0,Wakefulness
44,4680,4759,79,1,Fatigue1
44,4759,5398,639,0,Wakefulness
44,5398,5419,21,1,Fatigue1
44,5419,5552,133,0,Wakefulness
44,5552,5630,78,1,Fatigue1
44,5630,5687,57,0,Wakefulness
44,5687,5701,14,1,Fatigue1
44,5701,5760,59,0,Wakefulness
44,5760,5824,64,1,Fatigue1
44,5824,5846,22,0,Wakefulness
44,5846,6008,162,1,Fatigue1
44,6008,6059,51,0,Wakefulness
44,6059,6090,31,1,Fatigue1
44,6090,6694,604,0,Wakefulness
44,6694,6763,69,1,Fatigue1
44,6763,7326,563,0,Wakefulness
44,7326,7532,206,2,Fatigue2
45,0,837,837,0,Wakefulness
45,837,923,86,1,Fatigue1
45,923,1011,88,0,Wakefulness
45,1011,1025,14,1,Fatigue1
45,1025,1098,73,0,Wakefulness
45,1098,1294,196,1,Fatigue1
45,1294,1366,72,0,Wakefulness
45,1366,1437,71,1,Fatigue1
45,1437,1472,35,9,Severe Artifacts
45,1472,2090,618,0,Wakefulness
45,2090,2159,69,1,Fatigue1
45,2159,2255,96,0,Wakefulness
45,2255,2313,58,1,Fatigue1
45,2313,2350,37,0,Wakefulness
45,2350,2379,29,1,Fatigue1
45,2379,3116,737,0,Wakefulness
45,3116,3181,65,1,Fatigue1
45,3181,3326,145,0,Wakefulness
45,3326,3420,94,1,Fatigue1
45,3420,3527,107,0,Wakefulness
45,3527,3572,45,1,Fatigue1
45,3572,4107,535,0,Wakefulness
45,4107,4169,62,1,Fatigue1
45,4169,4386,217,0,Wakefulness
45,4386,4414,28,1,Fatigue1
45,4414,4796,382,0,Wakefulness
45,4796,4917,121,1,Fatigue1
45,4917,4976,59,0,Wakefulness
45,4976,5367,391,1,Fatigue1
45,5367,5592,225,0,Wakefulness
45,5592,5692,100,1,Fatigue1
45,5692,5781,89,0,Wakefulness
45,5781,5849,68,1,Fatigue1
45,5849,5893,44,3,Fatigue3
45,5893,5968,75,2,Fatigue2
45,5968,6006,38,3,Fatigue3
45,6006,6030,24,1,Fatigue1
45,6030,6127,97,3,Fatigue3
45,6127,6149,22,0,Wakefulness
45,6149,6196,47,3,Fatigue3
45,6196,6238,42,0,Wakefulness
45,6238,6301,63,1,Fatigue1
45,6301,6634,333,0,Wakefulness
45,6634,6749,115,1,Fatigue1
45,6749,6917,168,0,Wakefulness
45,6917,6931,14,1,Fatigue1
45,6931,7002,71,0,Wakefulness
45,7002,7107,105,1,Fatigue1
45,7107,7166,59,0,Wakefulness
45,7166,7197,31,1,Fatigue1
45,7197,7289,92,2,Fatigue2
45,7289,7351,62,3,Fatigue3
45,7351,7394,43,2,Fatigue2
45,7394,7562,168,3,Fatigue3
46,0,824,824,0,Wakefulness
46,824,1017,193,1,Fatigue1
46,1017,1144,127,0,Wakefulness
46,1144,1257,113,1,Fatigue1
46,1257,1321,64,0,Wakefulness
46,1321,1357,36,1,Fatigue1
46,1357,1502,145,0,Wakefulness
46,1502,1621,119,1,Fatigue1
46,1621,1839,218,0,Wakefulness
46,1839,1862,23,1,Fatigue1
46,1862,2006,144,0,Wakefulness
46,2006,2084,78,1,Fatigue1
46,2084,2269,185,0,Wakefulness
46,2269,2282,13,1,Fatigue1
46,2282,2314,32,0,Wakefulness
46,2314,2350,36,1,Fatigue1
46,2350,2433,83,0,Wakefulness
46,2433,2495,62,1,Fatigue1
46,2495,2539,44,0,Wakefulness
46,2539,2699,160,1,Fatigue1
46,2699,2835,136,0,Wakefulness
46,2835,2886,51,1,Fatigue1
46,2886,2950,64,0,Wakefulness
46,2950,3000,50,1,Fatigue1
46,3000,3037,37,0,Wakefulness
46,3037,3155,118,1,Fatigue1
46,3155,3195,40,0,Wakefulness
46,3195,3300,105,1,Fatigue1
46,3300,3357,57,0,Wakefulness
46,3357,3448,91,1,Fatigue1
46,3448,3476,28,0,Wakefulness
46,3476,3508,32,1,Fatigue1
46,3508,4412,904,0,Wakefulness
46,4412,4529,117,1,Fatigue1
46,4529,4562,33,0,Wakefulness
46,4562,4618,56,1,Fatigue1
46,4618,4657,39,0,Wakefulness
46,4657,4774,117,1,Fatigue1
46,4774,4948,174,0,Wakefulness
46,4948,5055,107,1,Fatigue1
46,5055,5731,676,0,Wakefulness
46,5731,5762,31,1,Fatigue1
46,5762,5995,233,0,Wakefulness
46,5995,6037,42,1,Fatigue1
46,6037,6399,362,0,Wakefulness
46,6399,6474,75,1,Fatigue1
46,6474,6567,93,0,Wakefulness
46,6567,6770,203,1,Fatigue1
46,6770,6807,37,0,Wakefulness
46,6807,6958,151,1,Fatigue1
46,6958,7327,369,0,Wakefulness
46,7327,7501,174,2,Fatigue2
47,0,2587,2587,0,Wakefulness
47,2587,5184,2597,9,Severe Artifacts
47,5184,5219,35,1,Fatigue1
47,5219,5307,88,0,Wakefulness
47,5307,5389,82,1,Fatigue1
47,5389,5520,131,0,Wakefulness
47,5520,5550,30,1,Fatigue1
47,5550,5555,5,0,Wakefulness
47,5555,5871,316,9,Severe Artifacts
47,5871,5906,35,1,Fatigue1
47,5906,6497,591,0,Wakefulness
47,6497,6576,79,1,Fatigue1
47,6576,6940,364,0,Wakefulness
47,6940,7327,387,9,Severe Artifacts
47,7327,7503,176,2,Fatigue2
48,0,1454,1454,0,Wakefulness
48,1454,1475,21,1,Fatigue1
48,1475,2345,870,0,Wakefulness
48,2345,2357,12,1,Fatigue1
48,2357,2744,387,0,Wakefulness
48,2744,2803,59,1,Fatigue1
48,2803,2925,122,0,Wakefulness
48,2925,2962,37,1,Fatigue1
48,2962,3027,65,0,Wakefulness
48,3027,3111,84,1,Fatigue1
48,3111,3150,39,0,Wakefulness
48,3150,3170,20,1,Fatigue1
48,3170,3314,144,0,Wakefulness
48,3314,3472,158,1,Fatigue1
48,3472,3495,23,0,Wakefulness
48,3495,3593,98,1,Fatigue1
48,3593,3706,113,0,Wakefulness
48,3706,3773,67,1,Fatigue1
48,3773,4066,293,0,Wakefulness
48,4066,4235,169,1,Fatigue1
48,4235,4356,121,0,Wakefulness
48,4356,4473,117,1,Fatigue1
48,4473,4680,207,0,Wakefulness
48,4680,4727,47,1,Fatigue1
48,4727,5115,388,0,Wakefulness
48,5115,5178,63,1,Fatigue1
48,5178,5329,151,0,Wakefulness
48,5329,5357,28,1,Fatigue1
48,5357,5429,72,0,Wakefulness
48,5429,5449,20,1,Fatigue1
48,5449,5500,51,0,Wakefulness
48,5500,5539,39,1,Fatigue1
48,5539,5625,86,0,Wakefulness
48,5625,5776,151,1,Fatigue1
48,5776,5887,111,0,Wakefulness
48,5887,5907,20,1,Fatigue1
48,5907,6005,98,0,Wakefulness
48,6005,6046,41,1,Fatigue1
48,6046,6136,90,0,Wakefulness
48,6136,6158,22,1,Fatigue1
48,6158,6284,126,0,Wakefulness
48,6284,6337,53,1,Fatigue1
48,6337,6393,56,0,Wakefulness
48,6393,6527,134,1,Fatigue1
48,6527,7292,765,0,Wakefulness
48,7292,7337,45,1,Fatigue1
48,7337,7548,211,2,Fatigue2
49,0,7342,7342,0,Wakefulness
50,0,354,354,0,Wakefulness
50,354,378,24,1,Fatigue1
50,378,2335,1957,0,Wakefulness
50,2335,2350,15,1,Fatigue1
50,2350,2987,637,0,Wakefulness
50,2987,3008,21,1,Fatigue1
50,3008,5627,2619,0,Wakefulness
50,5627,5687,60,1,Fatigue1
50,5687,5865,178,0,Wakefulness
50,5865,5885,20,1,Fatigue1
50,5885,5922,37,0,Wakefulness
50,5922,6039,117,1,Fatigue1
50,6039,6681,642,0,Wakefulness
50,6681,7259,578,1,Fatigue1
50,7259,7652,393,0,Wakefulness
50,7652,7830,178,2,Fatigue2
