subject,channel_index,channel,in_paper_analytical_28
01,0,Fp1,True
01,1,Fz,False
01,2,F3,True
01,3,F7,True
01,4,FT9,True
01,5,FC5,True
01,6,FC1,True
01,7,C3,True
01,8,T7,True
01,9,TP9,True
01,10,CP5,True
01,11,CP1,True
01,12,Pz,False
01,13,P3,True
01,14,P7,True
01,15,O1,True
01,16,Oz,False
01,17,O2,True
01,18,P4,True
01,19,P8,True
01,20,TP10,True
01,21,CP6,True
01,22,CP2,True
01,23,Cz,False
01,24,C4,True
01,25,T8,True
01,26,FT10,True
01,27,FC6,True
01,28,FC2,True
01,29,F4,True
01,30,F8,True
01,31,Fp2,True
02,0,Fp1,True
02,1,Fz,False
02,2,F3,True
02,3,F7,True
02,4,FT9,True
02,5,FC5,True
02,6,FC1,True
02,7,C3,True
02,8,T7,True
02,9,TP9,True
02,10,CP5,True
02,11,CP1,True
02,12,Pz,False
02,13,P3,True
02,14,P7,True
02,15,O1,True
02,16,Oz,False
02,17,O2,True
02,18,P4,True
02,19,P8,True
02,20,TP10,True
02,21,CP6,True
02,22,CP2,True
02,23,Cz,False
02,24,C4,True
02,25,T8,True
02,26,FT10,True
02,27,FC6,True
02,28,FC2,True
02,29,F4,True
02,30,F8,True
02,31,Fp2,True
03,0,Fp1,True
03,1,Fz,False
03,2,F3,True
03,3,F7,True
03,4,FT9,True
03,5,FC5,True
03,6,FC1,True
03,7,C3,True
03,8,T7,True
03,9,TP9,True
03,10,CP5,True
03,11,CP1,True
03,12,Pz,False
03,13,P3,True
03,14,P7,True
03,15,O1,True
03,16,Oz,False
03,17,O2,True
03,18,P4,True
03,19,P8,True
03,20,TP10,True
03,21,CP6,True
03,22,CP2,True
03,23,Cz,False
03,24,C4,True
03,25,T8,True
03,26,FT10,True
03,27,FC6,True
03,28,FC2,True
03,29,F4,True
03,30,F8,True
03,31,Fp2,True
04,0,Fp1,True
04,1,Fz,False
04,2,F3,True
04,3,F7,True
04,4,FT9,True
04,5,FC5,True
04,6,FC1,True
04,7,C3,True
04,8,T7,True
04,9,TP9,True
04,10,CP5,True
04,11,CP1,True
04,12,Pz,False
04,13,P3,True
04,14,P7,True
04,15,O1,True
04,16,Oz,False
04,17,O2,True
04,18,P4,True
04,19,P8,True
04,20,TP10,True
04,21,CP6,True
04,22,CP2,True
04,23,Cz,False
04,24,C4,True
04,25,T8,True
04,26,FT10,True
04,27,FC6,True
04,28,FC2,True
04,29,F4,True
04,30,F8,True
04,31,Fp2,True
05,0,Fp1,True
05,1,Fz,False
05,2,F3,True
05,3,F7,True
05,4,FT9,True
05,5,FC5,True
05,6,FC1,True
05,7,C3,True
05,8,T7,True
05,9,TP9,True
05,10,CP5,True
05,11,CP1,True
05,12,Pz,False
05,13,P3,True
05,14,P7,True
05,15,O1,True
05,16,Oz,False
05,17,O2,True
05,18,P4,True
05,19,P8,True
05,20,TP10,True
05,21,CP6,True
05,22,CP2,True
05,23,Cz,False
05,24,C4,True
05,25,T8,True
05,26,FT10,True
05,27,FC6,True
05,28,FC2,True
05,29,F4,True
05,30,F8,True
05,31,Fp2,True
06,0,Fp1,True
06,1,Fz,False
06,2,F3,True
06,3,F7,True
06,4,FT9,True
06,5,FC5,True
06,6,FC1,True
06,7,C3,True
06,8,T7,True
06,9,TP9,True
06,10,CP5,True
06,11,CP1,True
06,12,Pz,False
06,13,P3,True
06,14,P7,True
06,15,O1,True
06,16,Oz,False
06,17,O2,True
06,18,P4,True
06,19,P8,True
06,20,TP10,True
06,21,CP6,True
06,22,CP2,True
06,23,Cz,False
06,24,C4,True
06,25,T8,True
06,26,FT10,True
06,27,FC6,True
06,28,FC2,True
06,29,F4,True
06,30,F8,True
06,31,Fp2,True
07,0,Fp1,True
07,1,Fz,False
07,2,F3,True
07,3,F7,True
07,4,FT9,True
07,5,FC5,True
07,6,FC1,True
07,7,C3,True
07,8,T7,True
07,9,TP9,True
07,10,CP5,True
07,11,CP1,True
07,12,Pz,False
07,13,P3,True
07,14,P7,True
07,15,O1,True
07,16,Oz,False
07,17,O2,True
07,18,P4,True
07,19,P8,True
07,20,TP10,True
07,21,CP6,True
07,22,CP2,True
07,23,Cz,False
07,24,C4,True
07,25,T8,True
07,26,FT10,True
07,27,FC6,True
07,28,FC2,True
07,29,F4,True
07,30,F8,True
07,31,Fp2,True
08,0,Fp1,True
08,1,Fz,False
08,2,F3,True
08,3,F7,True
08,4,FT9,True
08,5,FC5,True
08,6,FC1,True
08,7,C3,True
08,8,T7,True
08,9,TP9,True
08,10,CP5,True
08,11,CP1,True
08,12,Pz,False
08,13,P3,True
08,14,P7,True
08,15,O1,True
08,16,Oz,False
08,17,O2,True
08,18,P4,True
08,19,P8,True
08,20,TP10,True
08,21,CP6,True
08,22,CP2,True
08,23,Cz,False
08,24,C4,True
08,25,T8,True
08,26,FT10,True
08,27,FC6,True
08,28,FC2,True
08,29,F4,True
08,30,F8,True
08,31,Fp2,True
09,0,Fp1,True
09,1,Fz,False
09,2,F3,True
09,3,F7,True
09,4,FT9,True
09,5,FC5,True
09,6,FC1,True
09,7,C3,True
09,8,T7,True
09,9,TP9,True
09,10,CP5,True
09,11,CP1,True
09,12,Pz,False
09,13,P3,True
09,14,P7,True
09,15,O1,True
09,16,Oz,False
09,17,O2,True
09,18,P4,True
09,19,P8,True
09,20,TP10,True
09,21,CP6,True
09,22,CP2,True
09,23,Cz,False
09,24,C4,True
09,25,T8,True
09,26,FT10,True
09,27,FC6,True
09,28,FC2,True
09,29,F4,True
09,30,F8,True
09,31,Fp2,True
10,0,Fp1,True
10,1,Fz,False
10,2,F3,True
10,3,F7,True
10,4,FT9,True
10,5,FC5,True
10,6,FC1,True
10,7,C3,True
10,8,T7,True
10,9,TP9,True
10,10,CP5,True
10,11,CP1,True
10,12,Pz,False
10,13,P3,True
10,14,P7,True
10,15,O1,True
10,16,Oz,False
10,17,O2,True
10,18,P4,True
10,19,P8,True
10,20,TP10,True
10,21,CP6,True
10,22,CP2,True
10,23,Cz,False
10,24,C4,True
10,25,T8,True
10,26,FT10,True
10,27,FC6,True
10,28,FC2,True
10,29,F4,True
10,30,F8,True
10,31,Fp2,True
11,0,Fp1,True
11,1,Fz,False
11,2,F3,True
11,3,F7,True
11,4,FT9,True
11,5,FC5,True
11,6,FC1,True
11,7,C3,True
11,8,T7,True
11,9,TP9,True
11,10,CP5,True
11,11,CP1,True
11,12,Pz,False
11,13,P3,True
11,14,P7,True
11,15,O1,True
11,16,Oz,False
11,17,O2,True
11,18,P4,True
11,19,P8,True
11,20,TP10,True
11,21,CP6,True
11,22,CP2,True
11,23,Cz,False
11,24,C4,True
11,25,T8,True
11,26,FT10,True
11,27,FC6,True
11,28,FC2,True
11,29,F4,True
11,30,F8,True
11,31,Fp2,True
12,0,Fp1,True
12,1,Fz,False
12,2,F3,True
12,3,F7,True
12,4,FT9,True
12,5,FC5,True
12,6,FC1,True
12,7,C3,True
12,8,T7,True
12,9,TP9,True
12,10,CP5,True
12,11,CP1,True
12,12,Pz,False
12,13,P3,True
12,14,P7,True
12,15,O1,True
12,16,Oz,False
12,17,O2,True
12,18,P4,True
12,19,P8,True
12,20,TP10,True
12,21,CP6,True
12,22,CP2,True
12,23,Cz,False
12,24,C4,True
12,25,T8,True
12,26,FT10,True
12,27,FC6,True
12,28,FC2,True
12,29,F4,True
12,30,F8,True
12,31,Fp2,True
13,0,Fp1,True
13,1,Fz,False
13,2,F3,True
13,3,F7,True
13,4,FT9,True
13,5,FC5,True
13,6,FC1,True
13,7,C3,True
13,8,T7,True
13,9,TP9,True
13,10,CP5,True
13,11,CP1,True
13,12,Pz,False
13,13,P3,True
13,14,P7,True
13,15,O1,True
13,16,Oz,False
13,17,O2,True
13,18,P4,True
13,19,P8,True
13,20,TP10,True
13,21,CP6,True
13,22,CP2,True
13,23,Cz,False
13,24,C4,True
13,25,T8,True
13,26,FT10,True
13,27,FC6,True
13,28,FC2,True
13,29,F4,True
13,30,F8,True
13,31,Fp2,True
14,0,Fp1,True
14,1,Fz,False
14,2,F3,True
14,3,F7,True
14,4,FT9,True
14,5,FC5,True
14,6,FC1,True
14,7,C3,True
14,8,T7,True
14,9,TP9,True
14,10,CP5,True
14,11,CP1,True
14,12,Pz,False
14,13,P3,True
14,14,P7,True
14,15,O1,True
14,16,Oz,False
14,17,O2,True
14,18,P4,True
14,19,P8,True
14,20,TP10,True
14,21,CP6,True
14,22,CP2,True
14,23,Cz,False
14,24,C4,True
14,25,T8,True
14,26,FT10,True
14,27,FC6,True
14,28,FC2,True
14,29,F4,True
14,30,F8,True
14,31,Fp2,True
15,0,Fp1,True
15,1,Fz,False
15,2,F3,True
15,3,F7,True
15,4,FT9,True
15,5,FC5,True
15,6,FC1,True
15,7,C3,True
15,8,T7,True
15,9,TP9,True
15,10,CP5,True
15,11,CP1,True
15,12,Pz,False
15,13,P3,True
15,14,P7,True
15,15,O1,True
15,16,Oz,False
15,17,O2,True
15,18,P4,True
15,19,P8,True
15,20,TP10,True
15,21,CP6,True
15,22,CP2,True
15,23,Cz,False
15,24,C4,True
15,25,T8,True
15,26,FT10,True
15,27,FC6,True
15,28,FC2,True
15,29,F4,True
15,30,F8,True
15,31,Fp2,True
16,0,Fp1,True
16,1,Fz,False
16,2,F3,True
16,3,F7,True
16,4,FT9,True
16,5,FC5,True
16,6,FC1,True
16,7,C3,True
16,8,T7,True
16,9,TP9,True
16,10,CP5,True
16,11,CP1,True
16,12,Pz,False
16,13,P3,True
16,14,P7,True
16,15,O1,True
16,16,Oz,False
16,17,O2,True
16,18,P4,True
16,19,P8,True
16,20,TP10,True
16,21,CP6,True
16,22,CP2,True
16,23,Cz,False
16,24,C4,True
16,25,T8,True
16,26,FT10,True
16,27,FC6,True
16,28,FC2,True
16,29,F4,True
16,30,F8,True
16,31,Fp2,True
17,0,Fp1,True
17,1,Fz,False
17,2,F3,True
17,3,F7,True
17,4,FT9,True
17,5,FC5,True
17,6,FC1,True
17,7,C3,True
17,8,T7,True
17,9,TP9,True
17,10,CP5,True
17,11,CP1,True
17,12,Pz,False
17,13,P3,True
17,14,P7,True
17,15,O1,True
17,16,Oz,False
17,17,O2,True
17,18,P4,True
17,19,P8,True
17,20,TP10,True
17,21,CP6,True
17,22,CP2,True
17,23,Cz,False
17,24,C4,True
17,25,T8,True
17,26,FT10,True
17,27,FC6,True
17,28,FC2,True
17,29,F4,True
17,30,F8,True
17,31,Fp2,True
18,0,Fp1,True
18,1,Fz,False
18,2,F3,True
18,3,F7,True
18,4,FT9,True
18,5,FC5,True
18,6,FC1,True
18,7,C3,True
18,8,T7,True
18,9,TP9,True
18,10,CP5,True
18,11,CP1,True
18,12,Pz,False
18,13,P3,True
18,14,P7,True
18,15,O1,True
18,16,Oz,False
18,17,O2,True
18,18,P4,True
18,19,P8,True
18,20,TP10,True
18,21,CP6,True
18,22,CP2,True
18,23,Cz,False
18,24,C4,True
18,25,T8,True
18,26,FT10,True
18,27,FC6,True
18,28,FC2,True
18,29,F4,True
18,30,F8,True
18,31,Fp2,True
19,0,Fp1,True
19,1,Fz,False
19,2,F3,True
19,3,F7,True
19,4,FT9,True
19,5,FC5,True
19,6,FC1,True
19,7,C3,True
19,8,T7,True
19,9,TP9,True
19,10,CP5,True
19,11,CP1,True
19,12,Pz,False
19,13,P3,True
19,14,P7,True
19,15,O1,True
19,16,Oz,False
19,17,O2,True
19,18,P4,True
19,19,P8,True
19,20,TP10,True
19,21,CP6,True
19,22,CP2,True
19,23,Cz,False
19,24,C4,True
19,25,T8,True
19,26,FT10,True
19,27,FC6,True
19,28,FC2,True
19,29,F4,True
19,30,F8,True
19,31,Fp2,True
20,0,Fp1,True
20,1,Fz,False
20,2,F3,True
20,3,F7,True
20,4,FT9,True
20,5,FC5,True
20,6,FC1,True
20,7,C3,True
20,8,T7,True
20,9,TP9,True
20,10,CP5,True
20,11,CP1,True
20,12,Pz,False
20,13,P3,True
20,14,P7,True
20,15,O1,True
20,16,Oz,False
20,17,O2,True
20,18,P4,True
20,19,P8,True
20,20,TP10,True
20,21,CP6,True
20,22,CP2,True
20,23,Cz,False
20,24,C4,True
20,25,T8,True
20,26,FT10,True
20,27,FC6,True
20,28,FC2,True
20,29,F4,True
20,30,F8,True
20,31,Fp2,True
21,0,Fp1,True
21,1,Fz,False
21,2,F3,True
21,3,F7,True
21,4,FT9,True
21,5,FC5,True
21,6,FC1,True
21,7,C3,True
21,8,T7,True
21,9,TP9,True
21,10,CP5,True
21,11,CP1,True
21,12,Pz,False
21,13,P3,True
21,14,P7,True
21,15,O1,True
21,16,Oz,False
21,17,O2,True
21,18,P4,True
21,19,P8,True
21,20,TP10,True
21,21,CP6,True
21,22,CP2,True
21,23,Cz,False
21,24,C4,True
21,25,T8,True
21,26,FT10,True
21,27,FC6,True
21,28,FC2,True
21,29,F4,True
21,30,F8,True
21,31,Fp2,True
22,0,Fp1,True
22,1,Fz,False
22,2,F3,True
22,3,F7,True
22,4,FT9,True
22,5,FC5,True
22,6,FC1,True
22,7,C3,True
22,8,T7,True
22,9,TP9,True
22,10,CP5,True
22,11,CP1,True
22,12,Pz,False
22,13,P3,True
22,14,P7,True
22,15,O1,True
22,16,Oz,False
22,17,O2,True
22,18,P4,True
22,19,P8,True
22,20,TP10,True
22,21,CP6,True
22,22,CP2,True
22,23,Cz,False
22,24,C4,True
22,25,T8,True
22,26,FT10,True
22,27,FC6,True
22,28,FC2,True
22,29,F4,True
22,30,F8,True
22,31,Fp2,True
23,0,Fp1,True
23,1,Fz,False
23,2,F3,True
23,3,F7,True
23,4,FT9,True
23,5,FC5,True
23,6,FC1,True
23,7,C3,True
23,8,T7,True
23,9,TP9,True
23,10,CP5,True
23,11,CP1,True
23,12,Pz,False
23,13,P3,True
23,14,P7,True
23,15,O1,True
23,16,Oz,False
23,17,O2,True
23,18,P4,True
23,19,P8,True
23,20,TP10,True
23,21,CP6,True
23,22,CP2,True
23,23,Cz,False
23,24,C4,True
23,25,T8,True
23,26,FT10,True
23,27,FC6,True
23,28,FC2,True
23,29,F4,True
23,30,F8,True
23,31,Fp2,True
24,0,Fp1,True
24,1,Fz,False
24,2,F3,True
24,3,F7,True
24,4,FT9,True
24,5,FC5,True
24,6,FC1,True
24,7,C3,True
24,8,T7,True
24,9,TP9,True
24,10,CP5,True
24,11,CP1,True
24,12,Pz,False
24,13,P3,True
24,14,P7,True
24,15,O1,True
24,16,Oz,False
24,17,O2,True
24,18,P4,True
24,19,P8,True
24,20,TP10,True
24,21,CP6,True
24,22,CP2,True
24,23,Cz,False
24,24,C4,True
24,25,T8,True
24,26,FT10,True
24,27,FC6,True
24,28,FC2,True
24,29,F4,True
24,30,F8,True
24,31,Fp2,True
25,0,Fp1,True
25,1,Fz,False
25,2,F3,True
25,3,F7,True
25,4,FT9,True
25,5,FC5,True
25,6,FC1,True
25,7,C3,True
25,8,T7,True
25,9,TP9,True
25,10,CP5,True
25,11,CP1,True
25,12,Pz,False
25,13,P3,True
25,14,P7,True
25,15,O1,True
25,16,Oz,False
25,17,O2,True
25,18,P4,True
25,19,P8,True
25,20,TP10,True
25,21,CP6,True
25,22,CP2,True
25,23,Cz,False
25,24,C4,True
25,25,T8,True
25,26,FT10,True
25,27,FC6,True
25,28,FC2,True
25,29,F4,True
25,30,F8,True
25,31,Fp2,True
26,0,Fp1,True
26,1,Fz,False
26,2,F3,True
26,3,F7,True
26,4,FT9,True
26,5,FC5,True
26,6,FC1,True
26,7,C3,True
26,8,T7,True
26,9,TP9,True
26,10,CP5,True
26,11,CP1,True
26,12,Pz,False
26,13,P3,True
26,14,P7,True
26,15,O1,True
26,16,Oz,False
26,17,O2,True
26,18,P4,True
26,19,P8,True
26,20,TP10,True
26,21,CP6,True
26,22,CP2,True
26,23,Cz,False
26,24,C4,True
26,25,T8,True
26,26,FT10,True
26,27,FC6,True
26,28,FC2,True
26,29,F4,True
26,30,F8,True
26,31,Fp2,True
27,0,Fp1,True
27,1,Fz,False
27,2,F3,True
27,3,F7,True
27,4,FT9,True
27,5,FC5,True
27,6,FC1,True
27,7,C3,True
27,8,T7,True
27,9,TP9,True
27,10,CP5,True
27,11,CP1,True
27,12,Pz,False
27,13,P3,True
27,14,P7,True
27,15,O1,True
27,16,Oz,False
27,17,O2,True
27,18,P4,True
27,19,P8,True
27,20,TP10,True
27,21,CP6,True
27,22,CP2,True
27,23,Cz,False
27,24,C4,True
27,25,T8,True
27,26,FT10,True
27,27,FC6,True
27,28,FC2,True
27,29,F4,True
27,30,F8,True
27,31,Fp2,True
28,0,Fp1,True
28,1,Fz,False
28,2,F3,True
28,3,F7,True
28,4,FT9,True
28,5,FC5,True
28,6,FC1,True
28,7,C3,True
28,8,T7,True
28,9,TP9,True
28,10,CP5,True
28,11,CP1,True
28,12,Pz,False
28,13,P3,True
28,14,P7,True
28,15,O1,True
28,16,Oz,False
28,17,O2,True
28,18,P4,True
28,19,P8,True
28,20,TP10,True
28,21,CP6,True
28,22,CP2,True
28,23,Cz,False
28,24,C4,True
28,25,T8,True
28,26,FT10,True
28,27,FC6,True
28,28,FC2,True
28,29,F4,True
28,30,F8,True
28,31,Fp2,True
29,0,Fp1,True
29,1,Fz,False
29,2,F3,True
29,3,F7,True
29,4,FT9,True
29,5,FC5,True
29,6,FC1,True
29,7,C3,True
29,8,T7,True
29,9,TP9,True
29,10,CP5,True
29,11,CP1,True
29,12,Pz,False
29,13,P3,True
29,14,P7,True
29,15,O1,True
29,16,Oz,False
29,17,O2,True
29,18,P4,True
29,19,P8,True
29,20,TP10,True
29,21,CP6,True
29,22,CP2,True
29,23,Cz,False
29,24,C4,True
29,25,T8,True
29,26,FT10,True
29,27,FC6,True
29,28,FC2,True
29,29,F4,True
29,30,F8,True
29,31,Fp2,True
30,0,Fp1,True
30,1,Fz,False
30,2,F3,True
30,3,F7,True
30,4,FT9,True
30,5,FC5,True
30,6,FC1,True
30,7,C3,True
30,8,T7,True
30,9,TP9,True
30,10,CP5,True
30,11,CP1,True
30,12,Pz,False
30,13,P3,True
30,14,P7,True
30,15,O1,True
30,16,Oz,False
30,17,O2,True
30,18,P4,True
30,19,P8,True
30,20,TP10,True
30,21,CP6,True
30,22,CP2,True
30,23,Cz,False
30,24,C4,True
30,25,T8,True
30,26,FT10,True
30,27,FC6,True
30,28,FC2,True
30,29,F4,True
30,30,F8,True
30,31,Fp2,True
31,0,Fp1,True
31,1,Fz,False
31,2,F3,True
31,3,F7,True
31,4,FT9,True
31,5,FC5,True
31,6,FC1,True
31,7,C3,True
31,8,T7,True
31,9,TP9,True
31,10,CP5,True
31,11,CP1,True
31,12,Pz,False
31,13,P3,True
31,14,P7,True
31,15,O1,True
31,16,Oz,False
31,17,O2,True
31,18,P4,True
31,19,P8,True
31,20,TP10,True
31,21,CP6,True
31,22,CP2,True
31,23,Cz,False
31,24,C4,True
31,25,T8,True
31,26,FT10,True
31,27,FC6,True
31,28,FC2,True
31,29,F4,True
31,30,F8,True
31,31,Fp2,True
32,0,Fp1,True
32,1,Fz,False
32,2,F3,True
32,3,F7,True
32,4,FT9,True
32,5,FC5,True
32,6,FC1,True
32,7,C3,True
32,8,T7,True
32,9,TP9,True
32,10,CP5,True
32,11,CP1,True
32,12,Pz,False
32,13,P3,True
32,14,P7,True
32,15,O1,True
32,16,Oz,False
32,17,O2,True
32,18,P4,True
32,19,P8,True
32,20,TP10,True
32,21,CP6,True
32,22,CP2,True
32,23,Cz,False
32,24,C4,True
32,25,T8,True
32,26,FT10,True
32,27,FC6,True
32,28,FC2,True
32,29,F4,True
32,30,F8,True
32,31,Fp2,True
33,0,Fp1,True
33,1,Fz,False
33,2,F3,True
33,3,F7,True
33,4,FT9,True
33,5,FC5,True
33,6,FC1,True
33,7,C3,True
33,8,T7,True
33,9,TP9,True
33,10,CP5,True
33,11,CP1,True
33,12,Pz,False
33,13,P3,True
33,14,P7,True
33,15,O1,True
33,16,Oz,False
33,17,O2,True
33,18,P4,True
33,19,P8,True
33,20,TP10,True
33,21,CP6,True
33,22,CP2,True
33,23,Cz,False
33,24,C4,True
33,25,T8,True
33,26,FT10,True
33,27,FC6,True
33,28,FC2,True
33,29,F4,True
33,30,F8,True
33,31,Fp2,True
34,0,Fp1,True
34,1,Fz,False
34,2,F3,True
34,3,F7,True
34,4,FT9,True
34,5,FC5,True
34,6,FC1,True
34,7,C3,True
34,8,T7,True
34,9,TP9,True
34,10,CP5,True
34,11,CP1,True
34,12,Pz,False
34,13,P3,True
34,14,P7,True
34,15,O1,True
34,16,Oz,False
34,17,O2,True
34,18,P4,True
34,19,P8,True
34,20,TP10,True
34,21,CP6,True
34,22,CP2,True
34,23,Cz,False
34,24,C4,True
34,25,T8,True
34,26,FT10,True
34,27,FC6,True
34,28,FC2,True
34,29,F4,True
34,30,F8,True
34,31,Fp2,True
35,0,Fp1,True
35,1,Fz,False
35,2,F3,True
35,3,F7,True
35,4,FT9,True
35,5,FC5,True
35,6,FC1,True
35,7,C3,True
35,8,T7,True
35,9,TP9,True
35,10,CP5,True
35,11,CP1,True
35,12,Pz,False
35,13,P3,True
35,14,P7,True
35,15,O1,True
35,16,Oz,False
35,17,O2,True
35,18,P4,True
35,19,P8,True
35,20,TP10,True
35,21,CP6,True
35,22,CP2,True
35,23,Cz,False
35,24,C4,True
35,25,T8,True
35,26,FT10,True
35,27,FC6,True
35,28,FC2,True
35,29,F4,True
35,30,F8,True
35,31,Fp2,True
36,0,Fp1,True
36,1,Fz,False
36,2,F3,True
36,3,F7,True
36,4,FT9,True
36,5,FC5,True
36,6,FC1,True
36,7,C3,True
36,8,T7,True
36,9,TP9,True
36,10,CP5,True
36,11,CP1,True
36,12,Pz,False
36,13,P3,True
36,14,P7,True
36,15,O1,True
36,16,Oz,False
36,17,O2,True
36,18,P4,True
36,19,P8,True
36,20,TP10,True
36,21,CP6,True
36,22,CP2,True
36,23,Cz,False
36,24,C4,True
36,25,T8,True
36,26,FT10,True
36,27,FC6,True
36,28,FC2,True
36,29,F4,True
36,30,F8,True
36,31,Fp2,True
37,0,Fp1,True
37,1,Fz,False
37,2,F3,True
37,3,F7,True
37,4,FT9,True
37,5,FC5,True
37,6,FC1,True
37,7,C3,True
37,8,T7,True
37,9,TP9,True
37,10,CP5,True
37,11,CP1,True
37,12,Pz,False
37,13,P3,True
37,14,P7,True
37,15,O1,True
37,16,Oz,False
37,17,O2,True
37,18,P4,True
37,19,P8,True
37,20,TP10,True
37,21,CP6,True
37,22,CP2,True
37,23,Cz,False
37,24,C4,True
37,25,T8,True
37,26,FT10,True
37,27,FC6,True
37,28,FC2,True
37,29,F4,True
37,30,F8,True
37,31,Fp2,True
38,0,Fp1,True
38,1,Fz,False
38,2,F3,True
38,3,F7,True
38,4,FT9,True
38,5,FC5,True
38,6,FC1,True
38,7,C3,True
38,8,T7,True
38,9,TP9,True
38,10,CP5,True
38,11,CP1,True
38,12,Pz,False
38,13,P3,True
38,14,P7,True
38,15,O1,True
38,16,Oz,False
38,17,O2,True
38,18,P4,True
38,19,P8,True
38,20,TP10,True
38,21,CP6,True
38,22,CP2,True
38,23,Cz,False
38,24,C4,True
38,25,T8,True
38,26,FT10,True
38,27,FC6,True
38,28,FC2,True
38,29,F4,True
38,30,F8,True
38,31,Fp2,True
39,0,Fp1,True
39,1,Fz,False
39,2,F3,True
39,3,F7,True
39,4,FT9,True
39,5,FC5,True
39,6,FC1,True
39,7,C3,True
39,8,T7,True
39,9,TP9,True
39,10,CP5,True
39,11,CP1,True
39,12,Pz,False
39,13,P3,True
39,14,P7,True
39,15,O1,True
39,16,Oz,False
39,17,O2,True
39,18,P4,True
39,19,P8,True
39,20,TP10,True
39,21,CP6,True
39,22,CP2,True
39,23,Cz,False
39,24,C4,True
39,25,T8,True
39,26,FT10,True
39,27,FC6,True
39,28,FC2,True
39,29,F4,True
39,30,F8,True
39,31,Fp2,True
40,0,Fp1,True
40,1,Fz,False
40,2,F3,True
40,3,F7,True
40,4,FT9,True
40,5,FC5,True
40,6,FC1,True
40,7,C3,True
40,8,T7,True
40,9,TP9,True
40,10,CP5,True
40,11,CP1,True
40,12,Pz,False
40,13,P3,True
40,14,P7,True
40,15,O1,True
40,16,Oz,False
40,17,O2,True
40,18,P4,True
40,19,P8,True
40,20,TP10,True
40,21,CP6,True
40,22,CP2,True
40,23,Cz,False
40,24,C4,True
40,25,T8,True
40,26,FT10,True
40,27,FC6,True
40,28,FC2,True
40,29,F4,True
40,30,F8,True
40,31,Fp2,True
41,0,Fp1,True
41,1,Fz,False
41,2,F3,True
41,3,F7,True
41,4,FT9,True
41,5,FC5,True
41,6,FC1,True
41,7,C3,True
41,8,T7,True
41,9,TP9,True
41,10,CP5,True
41,11,CP1,True
41,12,Pz,False
41,13,P3,True
41,14,P7,True
41,15,O1,True
41,16,Oz,False
41,17,O2,True
41,18,P4,True
41,19,P8,True
41,20,TP10,True
41,21,CP6,True
41,22,CP2,True
41,23,Cz,False
41,24,C4,True
41,25,T8,True
41,26,FT10,True
41,27,FC6,True
41,28,FC2,True
41,29,F4,True
41,30,F8,True
41,31,Fp2,True
42,0,Fp1,True
42,1,Fz,False
42,2,F3,True
42,3,F7,True
42,4,FT9,True
42,5,FC5,True
42,6,FC1,True
42,7,C3,True
42,8,T7,True
42,9,TP9,True
42,10,CP5,True
42,11,CP1,True
42,12,Pz,False
42,13,P3,True
42,14,P7,True
42,15,O1,True
42,16,Oz,False
42,17,O2,True
42,18,P4,True
42,19,P8,True
42,20,TP10,True
42,21,CP6,True
42,22,CP2,True
42,23,Cz,False
42,24,C4,True
42,25,T8,True
42,26,FT10,True
42,27,FC6,True
42,28,FC2,True
42,29,F4,True
42,30,F8,True
42,31,Fp2,True
43,0,Fp1,True
43,1,Fz,False
43,2,F3,True
43,3,F7,True
43,4,FT9,True
43,5,FC5,True
43,6,FC1,True
43,7,C3,True
43,8,T7,True
43,9,TP9,True
43,10,CP5,True
43,11,CP1,True
43,12,Pz,False
43,13,P3,True
43,14,P7,True
43,15,O1,True
43,16,Oz,False
43,17,O2,True
43,18,P4,True
43,19,P8,True
43,20,TP10,True
43,21,CP6,True
43,22,CP2,True
43,23,Cz,False
43,24,C4,True
43,25,T8,True
43,26,FT10,True
43,27,FC6,True
43,28,FC2,True
43,29,F4,True
43,30,F8,True
43,31,Fp2,True
44,0,Fp1,True
44,1,Fz,False
44,2,F3,True
44,3,F7,True
44,4,FT9,True
44,5,FC5,True
44,6,FC1,True
44,7,C3,True
44,8,T7,True
44,9,TP9,True
44,10,CP5,True
44,11,CP1,True
44,12,Pz,False
44,13,P3,True
44,14,P7,True
44,15,O1,True
44,16,Oz,False
44,17,O2,True
44,18,P4,True
44,19,P8,True
44,20,TP10,True
44,21,CP6,True
44,22,CP2,True
44,23,Cz,False
44,24,C4,True
44,25,T8,True
44,26,FT10,True
44,27,FC6,True
44,28,FC2,True
44,29,F4,True
44,30,F8,True
44,31,Fp2,True
45,0,Fp1,True
45,1,Fz,False
45,2,F3,True
45,3,F7,True
45,4,FT9,True
45,5,FC5,True
45,6,FC1,True
45,7,C3,True
45,8,T7,True
45,9,TP9,True
45,10,CP5,True
45,11,CP1,True
45,12,Pz,False
45,13,P3,True
45,14,P7,True
45,15,O1,True
45,16,Oz,False
45,17,O2,True
45,18,P4,True
45,19,P8,True
45,20,TP10,True
45,21,CP6,True
45,22,CP2,True
45,23,Cz,False
45,24,C4,True
45,25,T8,True
45,26,FT10,True
45,27,FC6,True
45,28,FC2,True
45,29,F4,True
45,30,F8,True
45,31,Fp2,True
46,0,Fp1,True
46,1,Fz,False
46,2,F3,True
46,3,F7,True
46,4,FT9,True
46,5,FC5,True
46,6,FC1,True
46,7,C3,True
46,8,T7,True
46,9,TP9,True
46,10,CP5,True
46,11,CP1,True
46,12,Pz,False
46,13,P3,True
46,14,P7,True
46,15,O1,True
46,16,Oz,False
46,17,O2,True
46,18,P4,True
46,19,P8,True
46,20,TP10,True
46,21,CP6,True
46,22,CP2,True
46,23,Cz,False
46,24,C4,True
46,25,T8,True
46,26,FT10,True
46,27,FC6,True
46,28,FC2,True
46,29,F4,True
46,30,F8,True
46,31,Fp2,True
47,0,Fp1,True
47,1,Fz,False
47,2,F3,True
47,3,F7,True
47,4,FT9,True
47,5,FC5,True
47,6,FC1,True
47,7,C3,True
47,8,T7,True
47,9,TP9,True
47,10,CP5,True
47,11,CP1,True
47,12,Pz,False
47,13,P3,True
47,14,P7,True
47,15,O1,True
47,16,Oz,False
47,17,O2,True
47,18,P4,True
47,19,P8,True
47,20,TP10,True
47,21,CP6,True
47,22,CP2,True
47,23,Cz,False
47,24,C4,True
47,25,T8,True
47,26,FT10,True
47,27,FC6,True
47,28,FC2,True
47,29,F4,True
47,30,F8,True
47,31,Fp2,True
48,0,Fp1,True
48,1,Fz,False
48,2,F3,True
48,3,F7,True
48,4,FT9,True
48,5,FC5,True
48,6,FC1,True
48,7,C3,True
48,8,T7,True
48,9,TP9,True
48,10,CP5,True
48,11,CP1,True
48,12,Pz,False
48,13,P3,True
48,14,P7,True
48,15,O1,True
48,16,Oz,False
48,17,O2,True
48,18,P4,True
48,19,P8,True
48,20,TP10,True
48,21,CP6,True
48,22,CP2,True
48,23,Cz,False
48,24,C4,True
48,25,T8,True
48,26,FT10,True
48,27,FC6,True
48,28,FC2,True
48,29,F4,True
48,30,F8,True
48,31,Fp2,True
49,0,Fp1,True
49,1,Fz,False
49,2,F3,True
49,3,F7,True
49,4,FT9,True
49,5,FC5,True
49,6,FC1,True
49,7,C3,True
49,8,T7,True
49,9,TP9,True
49,10,CP5,True
49,11,CP1,True
49,12,Pz,False
49,13,P3,True
49,14,P7,True
49,15,O1,True
49,16,Oz,False
49,17,O2,True
49,18,P4,True
49,19,P8,True
49,20,TP10,True
49,21,CP6,True
49,22,CP2,True
49,23,Cz,False
49,24,C4,True
49,25,T8,True
49,26,FT10,True
49,27,FC6,True
49,28,FC2,True
49,29,F4,True
49,30,F8,True
49,31,Fp2,True
50,0,Fp1,True
50,1,Fz,False
50,2,F3,True
50,3,F7,True
50,4,FT9,True
50,5,FC5,True
50,6,FC1,True
50,7,C3,True
50,8,T7,True
50,9,TP9,True
50,10,CP5,True
50,11,CP1,True
50,12,Pz,False
50,13,P3,True
50,14,P7,True
50,15,O1,True
50,16,Oz,False
50,17,O2,True
50,18,P4,True
50,19,P8,True
50,20,TP10,True
50,21,CP6,True
50,22,CP2,True
50,23,Cz,False
50,24,C4,True
50,25,T8,True
50,26,FT10,True
50,27,FC6,True
50,28,FC2,True
50,29,F4,True
50,30,F8,True
50,31,Fp2,True
