subject,label,label_name,channel,power_uv2,n_30s_segments
10,0,Wakefulness,Fp1,5327.39306640625,180
10,0,Wakefulness,Fz,79.1573486328125,180
10,0,Wakefulness,F3,203.93411254882812,180
10,0,Wakefulness,F7,1159.37939453125,180
10,0,Wakefulness,FT9,635.107177734375,180
10,0,Wakefulness,FC5,427.84405517578125,180
10,0,Wakefulness,FC1,21.60256004333496,180
10,0,Wakefulness,C3,101.52842712402344,180
10,0,Wakefulness,T7,466.8696594238281,180
10,0,Wakefulness,TP9,634.1317138671875,180
10,0,Wakefulness,CP5,276.03631591796875,180
10,0,Wakefulness,CP1,138.08175659179688,180
10,0,Wakefulness,Pz,247.29188537597656,180
10,0,Wakefulness,P3,296.4782409667969,180
10,0,Wakefulness,P7,479.1383972167969,180
10,0,Wakefulness,O1,556.2717895507812,180
10,0,Wakefulness,Oz,539.5994873046875,180
10,0,Wakefulness,O2,546.56005859375,180
10,0,Wakefulness,P4,306.3045349121094,180
10,0,Wakefulness,P8,464.0276184082031,180
10,0,Wakefulness,TP10,709.7791137695312,180
10,0,Wakefulness,CP6,302.0254211425781,180
10,0,Wakefulness,CP2,144.13365173339844,180
10,0,Wakefulness,Cz,63.86945724487305,180
10,0,Wakefulness,C4,153.52432250976562,180
10,0,Wakefulness,T8,850.5670166015625,180
10,0,Wakefulness,FT10,697.5427856445312,180
10,0,Wakefulness,FC6,748.3071899414062,180
10,0,Wakefulness,FC2,34.29084014892578,180
10,0,Wakefulness,F4,245.66639709472656,180
10,0,Wakefulness,F8,1047.2677001953125,180
10,0,Wakefulness,Fp2,4300.42822265625,180
10,1,Fatigue1,Fp1,4677.42578125,19
10,1,Fatigue1,Fz,80.1672134399414,19
10,1,Fatigue1,F3,180.9480743408203,19
10,1,Fatigue1,F7,879.86328125,19
10,1,Fatigue1,FT9,523.3386840820312,19
10,1,Fatigue1,FC5,322.8244934082031,19
10,1,Fatigue1,FC1,23.623239517211914,19
10,1,Fatigue1,C3,101.40242004394531,19
10,1,Fatigue1,T7,405.5274963378906,19
10,1,Fatigue1,TP9,656.4863891601562,19
10,1,Fatigue1,CP5,281.96038818359375,19
10,1,Fatigue1,CP1,154.72352600097656,19
10,1,Fatigue1,Pz,284.4999084472656,19
10,1,Fatigue1,P3,350.2059326171875,19
10,1,Fatigue1,P7,547.2493286132812,19
10,1,Fatigue1,O1,630.6353149414062,19
10,1,Fatigue1,Oz,620.6400756835938,19
10,1,Fatigue1,O2,621.9286499023438,19
10,1,Fatigue1,P4,372.22467041015625,19
10,1,Fatigue1,P8,549.4520874023438,19
10,1,Fatigue1,TP10,692.71728515625,19
10,1,Fatigue1,CP6,341.9181213378906,19
10,1,Fatigue1,CP2,165.92955017089844,19
10,1,Fatigue1,Cz,69.02616882324219,19
10,1,Fatigue1,C4,148.70181274414062,19
10,1,Fatigue1,T8,709.184326171875,19
10,1,Fatigue1,FT10,595.6873168945312,19
10,1,Fatigue1,FC6,579.4010009765625,19
10,1,Fatigue1,FC2,32.9498291015625,19
10,1,Fatigue1,F4,208.8035430908203,19
10,1,Fatigue1,F8,857.4195556640625,19
10,1,Fatigue1,Fp2,4086.251220703125,19
10,2,Fatigue2,Fp1,1997.19970703125,8
10,2,Fatigue2,Fz,42.22692108154297,8
10,2,Fatigue2,F3,93.69446563720703,8
10,2,Fatigue2,F7,585.60205078125,8
10,2,Fatigue2,FT9,508.4721374511719,8
10,2,Fatigue2,FC5,202.39976501464844,8
10,2,Fatigue2,FC1,18.142295837402344,8
10,2,Fatigue2,C3,78.58230590820312,8
10,2,Fatigue2,T7,320.4184875488281,8
10,2,Fatigue2,TP9,487.403564453125,8
10,2,Fatigue2,CP5,228.18495178222656,8
10,2,Fatigue2,CP1,112.0128402709961,8
10,2,Fatigue2,Pz,209.8238067626953,8
10,2,Fatigue2,P3,291.0019226074219,8
10,2,Fatigue2,P7,512.1256103515625,8
10,2,Fatigue2,O1,554.5033569335938,8
10,2,Fatigue2,Oz,525.8087158203125,8
10,2,Fatigue2,O2,642.3794555664062,8
10,2,Fatigue2,P4,324.5689392089844,8
10,2,Fatigue2,P8,584.3239135742188,8
10,2,Fatigue2,TP10,585.7495727539062,8
10,2,Fatigue2,CP6,308.4272155761719,8
10,2,Fatigue2,CP2,118.84198760986328,8
10,2,Fatigue2,Cz,44.78071594238281,8
10,2,Fatigue2,C4,116.10216522216797,8
10,2,Fatigue2,T8,412.4476623535156,8
10,2,Fatigue2,FT10,411.371337890625,8
10,2,Fatigue2,FC6,338.62933349609375,8
10,2,Fatigue2,FC2,25.923179626464844,8
10,2,Fatigue2,F4,123.99525451660156,8
10,2,Fatigue2,F8,473.0557556152344,8
10,2,Fatigue2,Fp2,1737.060302734375,8
10,3,Fatigue3,Fp1,305.6790466308594,9
10,3,Fatigue3,Fz,32.34666442871094,9
10,3,Fatigue3,F3,56.71986770629883,9
10,3,Fatigue3,F7,343.2597351074219,9
10,3,Fatigue3,FT9,466.5818176269531,9
10,3,Fatigue3,FC5,203.6212921142578,9
10,3,Fatigue3,FC1,27.714576721191406,9
10,3,Fatigue3,C3,126.56053924560547,9
10,3,Fatigue3,T7,395.2945861816406,9
10,3,Fatigue3,TP9,493.21002197265625,9
10,3,Fatigue3,CP5,291.861328125,9
10,3,Fatigue3,CP1,138.52615356445312,9
10,3,Fatigue3,Pz,257.3643493652344,9
10,3,Fatigue3,P3,313.18780517578125,9
10,3,Fatigue3,P7,473.4237976074219,9
10,3,Fatigue3,O1,518.2075805664062,9
10,3,Fatigue3,Oz,520.2041625976562,9
10,3,Fatigue3,O2,558.3798217773438,9
10,3,Fatigue3,P4,321.99285888671875,9
10,3,Fatigue3,P8,464.0082702636719,9
10,3,Fatigue3,TP10,495.9508361816406,9
10,3,Fatigue3,CP6,314.412841796875,9
10,3,Fatigue3,CP2,139.23098754882812,9
10,3,Fatigue3,Cz,46.56496047973633,9
10,3,Fatigue3,C4,152.78756713867188,9
10,3,Fatigue3,T8,329.23297119140625,9
10,3,Fatigue3,FT10,421.4133605957031,9
10,3,Fatigue3,FC6,212.53768920898438,9
10,3,Fatigue3,FC2,39.934513092041016,9
10,3,Fatigue3,F4,118.48249816894531,9
10,3,Fatigue3,F8,287.3261413574219,9
10,3,Fatigue3,Fp2,234.72862243652344,9
10,4,Fatigue4,Fp1,487.6072998046875,10
10,4,Fatigue4,Fz,50.757225036621094,10
10,4,Fatigue4,F3,92.50727844238281,10
10,4,Fatigue4,F7,591.9310302734375,10
10,4,Fatigue4,FT9,796.9778442382812,10
10,4,Fatigue4,FC5,350.17449951171875,10
10,4,Fatigue4,FC1,35.347591400146484,10
10,4,Fatigue4,C3,190.51377868652344,10
10,4,Fatigue4,T7,699.9568481445312,10
10,4,Fatigue4,TP9,928.7246704101562,10
10,4,Fatigue4,CP5,490.0465087890625,10
10,4,Fatigue4,CP1,208.10684204101562,10
10,4,Fatigue4,Pz,417.00177001953125,10
10,4,Fatigue4,P3,512.5184326171875,10
10,4,Fatigue4,P7,881.767822265625,10
10,4,Fatigue4,O1,926.234619140625,10
10,4,Fatigue4,Oz,909.6336059570312,10
10,4,Fatigue4,O2,904.160400390625,10
10,4,Fatigue4,P4,550.827880859375,10
10,4,Fatigue4,P8,861.3375244140625,10
10,4,Fatigue4,TP10,921.6571655273438,10
10,4,Fatigue4,CP6,543.1299438476562,10
10,4,Fatigue4,CP2,209.91905212402344,10
10,4,Fatigue4,Cz,67.4582748413086,10
10,4,Fatigue4,C4,225.2641143798828,10
10,4,Fatigue4,T8,565.0046997070312,10
10,4,Fatigue4,FT10,744.8341064453125,10
10,4,Fatigue4,FC6,348.81964111328125,10
10,4,Fatigue4,FC2,53.46677017211914,10
10,4,Fatigue4,F4,207.24441528320312,10
10,4,Fatigue4,F8,490.3580322265625,10
10,4,Fatigue4,Fp2,452.0065002441406,10
